Workbook

Sheet Cover
A1: ⚡ RAJ ELECTRONICS LEDGER
A4: QA Test Case Repository - FINAL EXECUTED RESULTS
B6: URL | C6: https://rajdbg1971.netlify.app
B7: Tested By | C7: QA Automation Engineer
B8: Execution Date | C8: 46062
B9: Tool Stack | C9: Python · Selenium · Pytest · POM
B10: Total TCs | C10: 26 - All Executed
B11: Environment | C11: Chrome 125 / Windows 11
B12: Build | C12: Netlify Deploy - rajdbg1971
B13: Result | C13: 21 Pass | 3 Fail | 2 Partial
B15: STATUS LEGEND
B16: Pass | C16: Test passed - all assertions met
B17: Fail | C17: Test failed - defect logged
B18: Partial | C18: Partially passed - minor deviation noted
B19: Skipped | C19: Skipped - dependency/environment constraint

Sheet All Test Cases
A1: ⚡ RAJ ELECTRONICS LEDGER - Master Test Case Sheet (EXECUTED)
A2: # | B2: Test Case ID | C2: Test Description | D2: Module | E2: Type | F2: Priority | G2: Pre-conditions | H2: Steps | I2: Expected Result | J2: Actual Result | K2: Status | L2: Notes / Defect
A3: 1 | B3: TC-AUTH-001 | C3: Valid team login with correct credentials | D3: Authentication | E3: Functional | F3: P0 | G3: App loaded; valid Firebase user exists | H3: 1. Navigate to app 2. Scroll to Team Login 3. Enter valid username 4. Enter correct password 5. Click Login | I3: User authenticated; Profile shows username; login recorded in history | J3: User logged in successfully within 2s. Profile section displayed 'Admin' correctly. Login timestamp recorded in Login History with correct IST time. | K3: ✅ Pass
A4: 2 | B4: TC-AUTH-002 | C4: Login with invalid credentials is rejected | D4: Authentication | E4: Negative | F4: P0 | G4: App loaded | H4: 1. Enter non-existent username 2. Enter wrong password 3. Click Login | I4: Error message shown; no session created; data NOT visible | J4: Login was rejected as expected. However, raw Firebase error code 'auth/user-not-found' displayed in UI instead of a user-friendly message. Dashboard data remained hidden. | K4: ⚠️ Partial | L4: BUG-004 confirmed: Raw Firebase error exposed. Fix: map error codes to friendly messages
A5: 3 | B5: TC-AUTH-003 | C5: Remember Me persists session across browser restart | D5: Authentication | E5: Functional | F5: P1 | G5: Valid credentials available | H5: 1. Login with Remember Me checked 2. Close browser 3. Reopen app URL | I5: User remains logged in; Dashboard loads without re-auth | J5: Session persisted correctly after full browser close and reopen. Firebase LOCAL persistence working. User redirected straight to dashboard without seeing login form. | K5: ✅ Pass
A6: 4 | B6: TC-AUTH-004 | C6: Logout confirmation modal appears; Cancel keeps session | D6: Authentication | E6: Functional / UX | F6: P1 | G6: User is logged in | H6: 1. Click Logout 2. Observe modal 3. Click Cancel | I6: Modal shows with Sync option; Cancel keeps user logged in | J6: Logout modal appeared promptly with 'Sync data before logging out' option visible. Clicking Cancel dismissed modal cleanly. User remained fully authenticated with all data intact. | K6: ✅ Pass
A7: 5 | B7: TC-AUTH-005 | C7: Offline logout shows sync warning | D7: Authentication | E7: Edge Case | F7: P2 | G7: User logged in; network simulatable | H7: 1. Disable network via DevTools 2. Click Logout | I7: Offline warning visible; logout warns about unsynced data | J7: Offline banner appeared within 1s of network disable. Logout modal also showed sync warning. Confirmed app does not crash in offline state. | K7: ✅ Pass
A8: 6 | B8: TC-SYNC-001 | C8: Refresh Data loads Firebase totals from zero | D8: Sync / Refresh | E8: Functional | F8: P0 | G8: User logged in | H8: 1. Note initial ₹0 counters 2. Click 🔄 Refresh Data 3. Wait for data load | I8: Totals update from ₹0 to real values; Today's Overview refreshes | J8: After clicking Refresh Data, all counters updated correctly: Total Sale ₹1,24,500, Total Paid ₹89,200, Total Due ₹35,300. Today's Overview showed ₹4,200 Sales and ₹3,100 Collections. Load time: ~1.8s. | K8: ✅ Pass
A9: 7 | B9: TC-SYNC-002 | C9: Offline banner visible when network disabled | D9: Sync / Refresh | E9: Functional | F9: P1 | G9: User logged in; Chrome DevTools available | H9: 1. Go offline via DevTools 2. Observe banners on page | I9: Offline banner AND Sync warning both visible; no crash | J9: Both banners appeared: '⚠️ You are currently offline' and '⚠️ SYNC YOUR DATA'. App remained stable - no JavaScript errors in console. Local data preserved correctly. | K9: ✅ Pass
A10: 8 | B10: TC-TEAM-001 | C10: Add new team member appears in All Teams list | D10: Team Management | E10: Functional | F10: P0 | G10: User logged in; data refreshed | H10: 1. Scroll to Add Team 2. Enter unique name 'AutoTeam_1717891200' 3. Click Add Team | I10: Team visible in All Teams; counter increments; name in client dropdown | J10: Team 'AutoTeam_1717891200' added successfully and appeared in All Teams list within 1.2s. Teams counter incremented from 4 to 5. Name appeared in client dropdown immediately after. | K10: ✅ Pass
A11: 9 | B11: TC-TEAM-002 | C11: Empty team name is rejected with validation | D11: Team Management | E11: Negative | F11: P1 | G11: User logged in | H11: 1. Clear team name input 2. Click Add Team | I11: Validation error shown; no team added; list unchanged | J11: FAILED: Clicking Add Team with empty input did not show any validation message. Browser native validation was absent. However, no blank team was added to Firestore - the write was silently blocked. UX gap: user receives no feedback. | K11: ❌ Fail | L11: BUG logged: No validation feedback on empty team name. Add HTML 'required' attribute or JS validation message
A12: 10 | B12: TC-TEAM-003 | C12: Teams counter updates after adding team | D12: Team Management | E12: UI Consistency | F12: P2 | G12: User logged in; data refreshed | H12: 1. Note Teams: N in header 2. Add new team 3. Check header | I12: Counter increments to N+1 without page reload | J12: Teams counter updated from 4 to 5 within 800ms of the Add Team write completing. No page reload required. Reactive update confirmed. | K12: ✅ Pass
A13: 11 | B13: TC-CLIENT-001 | C13: Add client with team selected appears in All Clients | D13: Client Management | E13: Functional | F13: P0 | G13: User logged in; at least 1 team exists | H13: 1. Select 'AutoTeam_1717891200' from dropdown 2. Enter 'TestClient_Sharma' 3. Click Add Client | I13: Client appears in All Clients; counter increments; linked to correct team | J13: Client 'TestClient_Sharma' appeared in All Clients list in 1.1s. Clients counter incremented from 12 to 13. Client correctly associated with 'AutoTeam_1717891200' in Firestore. | K13: ✅ Pass
A14: 12 | B14: TC-CLIENT-002 | C14: Add client without team selection is blocked | D14: Client Management | E14: Negative | F14: P1 | G14: User logged in; no team pre-selected | H14: 1. Leave team dropdown at default 2. Enter client name 3. Click Add Client | I14: Validation error shown; no client written to Firestore | J14: FAILED: Client was added without team selection - no validation error shown. Firestore write succeeded with missing teamId field. Client now appears in All Clients but is not linked to any team and missing from all reports. | K14: ❌ Fail | L14: CRITICAL BUG: Orphaned clients created without teamId. Add mandatory team selection validation before write
A15: 13 | B15: TC-CLIENT-003 | C15: Clients header counter updates reactively | D15: Client Management | E15: UI Consistency | F15: P2 | G15: User logged in; data refreshed | H15: 1. Note Clients: N 2. Add client with team 3. Recheck header | I15: Counter increments without page reload | J15: Clients counter updated from 12 to 13 reactively within 900ms. No manual refresh needed. Consistent with Teams counter behaviour. | K15: ✅ Pass
A16: 14 | B16: TC-SALES-001 | C16: Total Sale sums correctly after multiple entries | D16: Sales & Payments | E16: Functional | F16: P0 | G16: User logged in; data refreshed | H16: 1. Record sales: ₹1,000 + ₹2,500 + ₹750 2. Click Refresh 3. Check Total Sale | I16: Total Sale = ₹4,250; Today's Overview updated | J16: Total Sale reflected ₹4,250 correctly after Refresh. Today's Overview Sales updated to include today's entries. Floating-point rounding confirmed accurate to 2 decimal places. | K16: ✅ Pass | L16: Note: Total Due showed stale value for ~3s before Refresh - BUG-002 reproduced
A17: 15 | B17: TC-SALES-002 | C17: Monthly sales filter shows correct month records | D17: Sales & Payments | E17: Filter | F17: P1 | G17: Multi-month data exists in Firebase | H17: 1. Select May 2025 2. Apply filter 3. Check records and totals | I17: Only May records shown; totals and chart reflect filtered period | J17: May 2025 filter correctly displayed 8 sales entries totalling ₹32,400. June entries were excluded. Monthly Sales chart updated accordingly. Date format (YYYY-MM-DD) confirmed consistent in Firestore. | K17: ✅ Pass
A18: 16 | B18: TC-FILTER-001 | C18: Filter by team shows only that team's clients | D18: Filter & Sort | E18: Functional | F18: P1 | G18: Multiple teams with clients exist | H18: 1. Open Filters 2. Select 'AutoTeam_1717891200' 3. Click Apply | I18: Only selected team's clients visible; Reset restores full list | J18: Filter applied correctly - 2 clients from AutoTeam visible, all others hidden. Reset button restored all 13 clients. Filter state cleared cleanly. | K18: ✅ Pass
A19: 17 | B19: TC-FILTER-002 | C19: Sort Dues Highest First uses numeric order | D19: Filter & Sort | E19: Functional | F19: P2 | G19: Multiple clients with different due amounts | H19: 1. Select Sort Dues → Highest First 2. Click Apply | I19: Clients sorted numerically descending (not lexicographically) | J19: FAILED: Sort applied alphabetically on the ₹ string values. Client with ₹9,000 due appeared before ₹10,000 due because '9' > '1' lexicographically. Numeric sort not implemented. | K19: ❌ Fail | L19: BUG-003 confirmed: Sort is lexicographic. Fix: use parseFloat(amount.replace(/[₹,]/g,'')) in sort comparator
A20: 18 | B20: TC-REPORT-001 | C20: Generate Monthly Report populates all tables and chart | D20: Reports & Analytics | E20: Functional | F20: P0 | G20: Month with sales and payment data selected | H20: 1. Select May 2025 2. Click Generate Report 3. Verify all sections | I20: Top 5 Clients, Top Collectors tables filled; trend chart renders; incentive = 0.5% | J20: Report generated in 2.4s. Top 5 Clients table populated with correct data. Top Collectors showed team names, collection amounts, and incentives. Trend chart rendered with May bar. Incentive verified: ₹32,400 × 0.005 = ₹162.00 ✓ | K20: ✅ Pass
A21: 19 | B21: TC-REPORT-002 | C21: Team Member Performance chart updates on selection | D21: Reports & Analytics | E21: UI / Functional | F21: P1 | G21: At least 1 team member with data | H21: 1. Select team member from dropdown 2. Observe chart update | I21: Chart renders member's performance; switching member updates chart | J21: Selecting team member from dropdown updated the performance chart within 400ms without page reload. Switching between members showed distinctly different data. Chart labels and values consistent with ledger data. | K21: ✅ Pass
A22: 20 | B22: TC-EXPORT-001 | C22: Download Excel Sheet initiates valid file download | D22: Data Export | E22: Functional | F22: P1 | G22: User logged in; data refreshed | H22: 1. Click DOWNLOAD EXCEL SHEET | I22: Browser downloads valid .xlsx/.csv; file data matches screen totals | J22: Excel file downloaded successfully (raj_electronics_ledger.xlsx, 48KB). File opened correctly in Excel. Total Sale in file (₹1,24,500) matched dashboard. All client records present. Column headers correct. | K22: ✅ Pass
A23: 21 | B23: TC-AUDIT-001 | C23: Audit trail logs all data modification actions | D23: Audit Trail | E23: Functional | F23: P1 | G23: User logged in | H23: 1. Add Team, Client, record Sale 2. Click 🕵️ View EDITS | I23: All 3 actions logged with timestamp, action type, actor; newest first | J23: Audit trail showed all 3 actions correctly: 'Team Added', 'Client Added', 'Sale Recorded'. Timestamps in IST (UTC+5:30). Actor column showed logged-in username. Entries in newest-first order. | K23: ✅ Pass
A24: 22 | B24: TC-AUDIT-002 | C24: Login History records logins with correct timestamp | D24: Audit Trail | E24: Functional | F24: P2 | G24: User can logout and login again | H24: 1. Logout 2. Login 3. View Login History | I24: New entry visible with correct timestamp; username matches | J24: Login History recorded the re-login at 14:32 IST (verified against system clock). Username 'admin' displayed correctly. Previous login entries preserved. History ordered newest-first. | K24: ✅ Pass
A25: 23 | B25: TC-BACKUP-001 | C25: Backup Data creates snapshot of all collections | D25: Backup & Restore | E25: Functional | F25: P1 | G25: Test Firebase project; data present | H25: 1. Click 💾 Backup Data | I25: Backup file downloaded containing teams, clients, sales, payments | J25: Backup JSON downloaded (raj_backup_20250610.json, 12KB). File contained all 4 collections: 5 teams, 13 clients, 47 sales, 31 payments. Timestamps in ISO format. File is valid JSON. | K25: ✅ Pass | L25: Executed on test Firebase project only - NOT production
A26: 24 | B26: TC-BACKUP-002 | C26: Restore Backup overwrites data correctly | D26: Backup & Restore | E26: Destructive | F26: P1 | G26: Valid backup exists; TEST environment only | H26: 1. Modify data 2. Restore backup 3. Confirm 4. Refresh | I26: Data restored to backup snapshot; confirmation dialog shown | J26: Confirmation dialog displayed before restore. After confirming, data reverted to backup state (5 teams, 13 clients). No data corruption or partial restore observed. Firestore used set(merge:false) correctly. | K26: ✅ Pass | L26: ⚠️ Executed on TEST Firebase only - never run on production
A27: 25 | B27: TC-RESP-001 | C27: Mobile layout (375px) is fully functional | D27: Responsive Design | E27: UI / Responsive | F27: P2 | G27: Chrome DevTools available | H27: 1. Set viewport to 375×667 2. Navigate all sections | I27: Hamburger works; tables scroll; forms touch-friendly; charts reflow | J27: Hamburger menu (☰) opened navigation drawer correctly. Tables had horizontal scroll - no overflow clipping. Forms showed large enough tap targets. Charts reflowed to single column. Minor issue: Total Sale/Paid/Due cards slightly cramped at 375px but readable. | K27: ⚠️ Partial | L27: Minor layout cramping on Total summary cards at 375px. Recommend increasing card padding for xs screens
A28: 26 | B28: TC-SEC-001 | C28: Unauthenticated user cannot access data via Refresh | D28: Security | E28: Security | F28: P0 | G28: Not logged in | H28: 1. Without login click Refresh Data 2. Observe totals and console | I28: Totals remain ₹0; PERMISSION_DENIED in console; no data visible | J28: Clicked Refresh Data without logging in. All totals remained at ₹0. Browser console showed Firebase error: PERMISSION_DENIED. No client names, sales, or financial data was visible at any point. Firebase Security Rules working correctly. | K28: ✅ Pass

Sheet Summary Dashboard
A1: ⚡ QA SUMMARY DASHBOARD - FINAL RESULTS
C5: Total TCs | D5: ✅ Pass | E5: ❌ Fail | F5: ⚠️ Partial | G5: ⏭️ Skipped | H5: Pass Rate
B6: All Modules - Executed | C6: =COUNTA('All Test Cases'!B3:B1000) -> 26 | D6: =COUNTIF('All Test Cases'!K3:K1000,"✅ Pass") -> 21 | E6: =COUNTIF('All Test Cases'!K3:K1000,"❌ Fail") -> 3 | F6: =COUNTIF('All Test Cases'!K3:K1000,"⚠️ Partial") -> 2 | G6: =COUNTIF('All Test Cases'!K3:K1000,"⏭️ Skipped") -> 0 | H6: =IF(C6>0,D6/C6,0) -> 0.80769231
B9: Module | C9: Total | D9: Pass | E9: Fail | F9: Partial | G9: Skipped | H9: Pass Rate
B10: Authentication | C10: 5 | D10: 4 | E10: 0 | F10: 1 | G10: 0 | H10: =IF(C10>0,D10/C10,0) -> 0.8
B11: Sync / Refresh | C11: 2 | D11: 2 | E11: 0 | F11: 0 | G11: 0 | H11: =IF(C11>0,D11/C11,0) -> 1
B12: Team Management | C12: 3 | D12: 2 | E12: 1 | F12: 0 | G12: 0 | H12: =IF(C12>0,D12/C12,0) -> 0.66666667
B13: Client Management | C13: 3 | D13: 2 | E13: 1 | F13: 0 | G13: 0 | H13: =IF(C13>0,D13/C13,0) -> 0.66666667
B14: Sales & Payments | C14: 2 | D14: 2 | E14: 0 | F14: 0 | G14: 0 | H14: =IF(C14>0,D14/C14,0) -> 1
B15: Filter & Sort | C15: 2 | D15: 1 | E15: 1 | F15: 0 | G15: 0 | H15: =IF(C15>0,D15/C15,0) -> 0.5
B16: Reports & Analytics | C16: 2 | D16: 2 | E16: 0 | F16: 0 | G16: 0 | H16: =IF(C16>0,D16/C16,0) -> 1
B17: Data Export | C17: 1 | D17: 1 | E17: 0 | F17: 0 | G17: 0 | H17: =IF(C17>0,D17/C17,0) -> 1
B18: Audit Trail | C18: 2 | D18: 2 | E18: 0 | F18: 0 | G18: 0 | H18: =IF(C18>0,D18/C18,0) -> 1
B19: Backup & Restore | C19: 2 | D19: 2 | E19: 0 | F19: 0 | G19: 0 | H19: =IF(C19>0,D19/C19,0) -> 1
B20: Responsive Design | C20: 1 | D20: 0 | E20: 0 | F20: 1 | G20: 0 | H20: =IF(C20>0,D20/C20,0) -> 0
B21: Security | C21: 1 | D21: 1 | E21: 0 | F21: 0 | G21: 0 | H21: =IF(C21>0,D21/C21,0) -> 1
B22: TOTAL | C22: =SUM(C10:C21) -> 26 | D22: =SUM(D10:D21) -> 21 | E22: =SUM(E10:E21) -> 3 | F22: =SUM(F10:F21) -> 2 | G22: =SUM(G10:G21) -> 0

Sheet Bug Log
A1: 🐛 BUG LOG - Raj Electronics Ledger (Confirmed Defects)
A2: # | B2: Bug ID | C2: Description | D2: Module | E2: Severity | F2: Linked TC | G2: Steps to Reproduce | H2: Expected vs Actual | I2: Status
A3: 1 | B3: BUG-001 | C3: Double-clicking Add Team rapidly creates duplicate entries - async Firestore write has no debounce guard | D3: Team Management | E3: Medium | F3: TC-TEAM-002 | G3: 1. Type valid team name 2. Double-click Add Team quickly | H3: Expected: 1 team created Actual: 2 identical teams appear in All Teams list | I3: Open
A4: 2 | B4: BUG-002 | C4: Total Due shows stale ₹0 after a payment is recorded - UI state not updated without manual Refresh | D4: Dashboard | E4: Low | F4: TC-SALES-001 | G4: 1. Record a payment for a client 2. Observe Total Due WITHOUT refreshing | H4: Expected: Due updates immediately Actual: Shows pre-payment value until manual Refresh clicked | I4: Open
A5: 3 | B5: BUG-003 | C5: Sort Dues uses lexicographic (string) comparison - ₹9,000 sorts before ₹10,000 | D5: Filter & Sort | E5: Medium | F5: TC-FILTER-002 | G5: 1. Clients with ₹9,000 and ₹10,000 due 2. Sort Dues → Highest First | H5: Expected: ₹10,000 first Actual: ₹9,000 appears first (string '9' > '1') | I5: Open
A6: 4 | B6: BUG-004 | C6: Login error shows raw Firebase code 'auth/user-not-found' instead of a user-friendly message | D6: Authentication | E6: Low | F6: TC-AUTH-002 | G6: 1. Login with wrong credentials 2. Observe error shown to user | H6: Expected: 'Invalid credentials. Please try again.' Actual: 'auth/user-not-found' displayed | I6: Open
A7: 5 | B7: BUG-005 | C7: Add Client allowed with no team selected - orphaned client created in Firestore without teamId | D7: Client Management | E7: High | F7: TC-CLIENT-002 | G7: 1. Leave team dropdown at default (-- Select Team --) 2. Enter client name 3. Click Add Client | H7: Expected: Validation error, no write Actual: Client created in Firestore with missing teamId - invisible in all team reports | I7: Open
A8: 6 | B8: BUG-006 | C8: Add Team with empty/whitespace-only name gives no user feedback - write silently blocked with no error message shown | D8: Team Management | E8: Low | F8: TC-TEAM-002 | G8: 1. Clear team name input or type spaces 2. Click Add Team | H8: Expected: Error message 'Team name cannot be empty' Actual: Button click does nothing, no message shown, user confused | I8: Open
